{
  "code_quality_and_maintainability": 13.826714799986803,
  "code_architecture_and_operations": 14.999277499999152,
  "code_security_governance_compliance": 15.460915300005581,
  "orchestrator": 26.785805199993774,
  "total": 71.07884580000245
}